star,a,b,sigma_x2,sigma_y2,x,y
N/A,592.6204008761109,4363.544615114363,3.9015084960632067,4.027859924389067,1164.0,378.95
