x_p,y_p,x_c,y_c,pixel_distance,arcsecond_distance
8.113718702083219,7.823797108767986,8.073263063819208,7.78475983428717,0.056218924449325504,0.019114434312770674
8.111981153772192,7.822119861116612,8.075031203131347,7.786465351930678,0.051347277217498453,0.017458074253949477
8.114624405920337,7.824671343327206,8.07233989651053,7.783869325727667,0.05876039802640177,0.0199785353289766
8.116642146757371,7.826619466241919,8.070281265008585,7.781884023697216,0.0644250818873774,0.021904527841708318
