x_p,y_p,x_c,y_c,pixel_distance,arcsecond_distance
8.109431169461695,7.819657686601813,8.077622203836341,7.78896389519436,0.04420315741119809,0.014675448260517766
8.964658460697136,10.718709995974152,13.187503695984914,5.915115461005858,6.395853526900843,2.12342337093108
8.964659971766364,10.718712650530387,13.187500482397173,5.915113717126408,6.3958537108993125,2.123423432018572
8.11160932068567,7.821761110628106,8.075409329776054,7.786830267794278,0.05030510036703919,0.016701293321857012
